full_name,rating,jersey,team,position,b_day,height,weight,salary,country,draft_year,draft_round,draft_peak,college,years_until_retirement
LeBron James,97,#23,Los Angeles Lakers,F,12/30/1984,6-9 / 2.06,250 lbs. / 113.4 kg.,$37436858,USA,2003,1,1,No college,Old
Kawhi Leonard,97,#2,Los Angeles Clippers,F,06/29/1991,6-7 / 2.01,225 lbs. / 102.1 kg.,$32742000,USA,2011,1,15,San Diego State,6
Giannis Antetokounmpo,96,#34,Milwaukee Bucks,F-G,12/06/1994,6-11 / 2.11,242 lbs. / 109.8 kg.,$25842697,Greece,2013,1,15,No college,9
Kevin Durant,96,#7,Brooklyn Nets,F,09/29/1988,6-10 / 2.08,230 lbs. / 104.3 kg.,$37199000,USA,2007,1,2,Texas,3
James Harden,96,#13,Houston Rockets,G,08/26/1989,6-5 / 1.96,220 lbs. / 99.8 kg.,$38199000,USA,2009,1,3,Arizona State,4
Stephen Curry,95,#30,Golden State Warriors,G,03/14/1988,6-3 / 1.91,185 lbs. / 83.9 kg.,$40231758,USA,2009,1,7,Davidson,3
Anthony Davis,94,#3,Los Angeles Lakers,F-C,03/11/1993,6-10 / 2.08,222 lbs. / 100.7 kg.,$27093019,USA,2012,1,1,Kentucky,8
Paul George,93,#13,Los Angeles Clippers,F,05/02/1990,6-8 / 2.03,210 lbs. / 95.3 kg.,$33005556,USA,2010,1,10,Fresno State,5
Damian Lillard,92,#0,Portland Trail Blazers,G,07/15/1990,6-2 / 1.88,195 lbs. / 88.5 kg.,$29802321,USA,2012,1,6,Weber State,5
Joel Embiid,91,#21,Philadelphia 76ers,C,03/16/1994,7-0 / 2.13,250 lbs. / 113.4 kg.,$27504630,Cameroon,2014,1,3,Kansas,9
Kyrie Irving,91,#11,Brooklyn Nets,G,03/23/1992,6-2 / 1.88,180 lbs. / 81.6 kg.,$31742000,Australia,2011,1,1,Duke,7
Nikola Jokic,90,#15,Denver Nuggets,C,02/19/1995,7-0 / 2.13,253 lbs. / 114.8 kg.,$27504630,Serbia,2014,2,41,No college,10
Russell Westbrook,90,#0,Houston Rockets,G,11/12/1988,6-3 / 1.91,190 lbs. / 86.2 kg.,$38506482,USA,2008,1,4,UCLA,3
Klay Thompson,89,#11,Golden State Warriors,G,02/08/1990,6-6 / 1.98,205 lbs. / 93 kg.,$32742000,USA,2011,1,11,Washington State,5
Karl-Anthony Towns,89,#32,Minnesota Timberwolves,F-C,11/15/1995,6-11 / 2.11,248 lbs. / 112.5 kg.,$27285000,USA,2015,1,1,Kentucky,10
Jimmy Butler,88,#22,Miami Heat,G,09/14/1989,6-7 / 2.01,220 lbs. / 99.8 kg.,$32742000,USA,2011,1,30,Marquette,4
Rudy Gobert,88,#27,Utah Jazz,C,06/26/1992,7-1 / 2.16,238 lbs. / 108 kg.,$25258427,France,2013,1,27,No college,7
Blake Griffin,88,#23,Detroit Pistons,F,03/16/1989,6-9 / 2.06,252 lbs. / 114.3 kg.,$34449964,USA,2009,1,1,Oklahoma,4
Donovan Mitchell,88,#45,Utah Jazz,G,09/07/1996,6-1 / 1.85,211 lbs. / 95.7 kg.,$3635760,USA,2017,1,13,Louisville,11
Kemba Walker,88,#8,Boston Celtics,G,05/08/1990,6-0 / 1.83,172 lbs. / 78 kg.,$32742000,USA,2011,1,9,UConn,5
Luka Doncic,87,#77,Dallas Mavericks,G-F,02/28/1999,6-7 / 2.01,227 lbs. / 103 kg.,$7683360,Slovenia,2018,1,3,No college,14
LaMarcus Aldridge,87,#12,San Antonio Spurs,F-C,07/19/1985,6-11 / 2.11,246 lbs. / 111.6 kg.,$26000000,USA,2006,1,2,Texas,Old
Bradley Beal,87,#3,Washington Wizards,G,06/28/1993,6-3 / 1.91,207 lbs. / 93.9 kg.,$27093018,USA,2012,1,3,Florida,8
Mike Conley,87,#10,Utah Jazz,G,10/11/1987,6-1 / 1.85,185 lbs. / 83.9 kg.,$32511623,USA,2007,1,4,Ohio State,2
DeMar DeRozan,87,#10,San Antonio Spurs,G-F,08/07/1989,6-6 / 1.98,220 lbs. / 99.8 kg.,$27739975,USA,2009,1,9,USC,4
CJ McCollum,87,#3,Portland Trail Blazers,G,09/19/1991,6-3 / 1.91,197 lbs. / 89.4 kg.,$27556959,USA,2013,1,10,Lehigh,6
Victor Oladipo,87,#4,Indiana Pacers,G,05/04/1992,6-4 / 1.93,213 lbs. / 96.6 kg.,$21000000,USA,2013,1,2,Indiana,7
Kristaps Porzingis,87,#6,Dallas Mavericks,F-C,08/02/1995,7-3 / 2.21,220 lbs. / 99.8 kg.,$27285000,Latvia,2015,1,4,No college,10
D'Angelo Russell,87,#0,Minnesota Timberwolves,G,02/23/1996,6-4 / 1.93,193 lbs. / 87.5 kg.,$27285000,USA,2015,1,2,Ohio State,11
Pascal Siakam,87,#43,Toronto Raptors,F,04/02/1994,6-9 / 2.06,227 lbs. / 103 kg.,$2351838,Cameroon,2016,1,27,New Mexico State,9
Ben Simmons,87,#25,Philadelphia 76ers,F,07/20/1996,6-10 / 2.08,240 lbs. / 108.9 kg.,$8113929,Australia,2016,1,1,LSU,11
De'Aaron Fox,86,#5,Sacramento Kings,G,12/20/1997,6-3 / 1.91,171 lbs. / 77.6 kg.,$6392760,USA,2017,1,5,Kentucky,12
Devin Booker,86,#1,Phoenix Suns,G,10/30/1996,6-5 / 1.96,206 lbs. / 93.4 kg.,$27285000,USA,2015,1,13,Kentucky,11
DeMarcus Cousins,86,#0,Free agent,C,08/13/1990,6-10 / 2.08,270 lbs. / 122.5 kg.,$3500000,USA,2010,1,5,Kentucky,5
Andre Drummond,86,#0,Cleveland Cavaliers,C,08/10/1993,6-10 / 2.08,270 lbs. / 122.5 kg.,$27093018,USA,2012,1,9,UConn,8
Draymond Green,86,#23,Golden State Warriors,F,03/04/1990,6-6 / 1.98,230 lbs. / 104.3 kg.,$18539130,USA,2012,2,35,Michigan State,5
Jrue Holiday,86,#11,New Orleans Pelicans,G,06/12/1990,6-3 / 1.91,180 lbs. / 81.6 kg.,$26131111,USA,2009,1,17,UCLA,5
Nikola Vucevic,86,#9,Orlando Magic,C,10/24/1990,6-11 / 2.11,240 lbs. / 108.9 kg.,$28000000,Montenegro,2011,1,16,USC,5
John Wall,86,#2,Washington Wizards,G,09/06/1990,6-4 / 1.93,195 lbs. / 88.5 kg.,$38199000,USA,2010,1,1,Kentucky,5
Jayson Tatum,85,#0,Boston Celtics,F,03/03/1998,6-8 / 2.03,204 lbs. / 92.5 kg.,$7830000,USA,2017,1,3,Duke,13
Trae Young,85,#11,Atlanta Hawks,G,09/19/1998,6-1 / 1.85,180 lbs. / 81.6 kg.,$6273000,USA,2018,1,5,Oklahoma,13
Eric Bledsoe,85,#6,Milwaukee Bucks,G,12/09/1989,6-1 / 1.85,195 lbs. / 88.5 kg.,$15625000,USA,2010,1,18,Kentucky,4
Clint Capela,85,#15,Atlanta Hawks,C,05/18/1994,6-10 / 2.08,211 lbs. / 95.7 kg.,$16896552,Switzerland,2014,1,25,No college,9
Tobias Harris,85,#12,Philadelphia 76ers,F,07/15/1992,6-8 / 2.03,226 lbs. / 102.5 kg.,$32742000,USA,2011,1,19,Tennessee,7
Al Horford,85,#42,Philadelphia 76ers,C-F,06/03/1986,6-9 / 2.06,246 lbs. / 111.6 kg.,$28000000,Dominican Republic,2007,1,3,Florida,1
Zach LaVine,85,#8,Chicago Bulls,G,03/10/1995,6-6 / 1.98,181 lbs. / 82.1 kg.,$19500000,USA,2014,1,13,UCLA,10
Kyle Lowry,85,#7,Toronto Raptors,G,03/25/1986,6-0 / 1.83,205 lbs. / 93 kg.,$33296296,USA,2006,1,24,Villanova,1
Khris Middleton,85,#22,Milwaukee Bucks,F,08/12/1991,6-7 / 2.01,217 lbs. / 98.4 kg.,$30603448,USA,2012,2,39,Texas A&M,6
Chris Paul,85,#3,Oklahoma City Thunder,G,05/06/1985,6-1 / 1.85,175 lbs. / 79.4 kg.,$38506482,USA,2005,1,4,Wake Forest,Old
John Collins,84,#20,Atlanta Hawks,F,09/23/1997,6-9 / 2.06,225 lbs. / 102.1 kg.,$2686560,USA,2017,1,19,Wake Forest,12
Buddy Hield,84,#24,Sacramento Kings,G,12/17/1993,6-4 / 1.93,212 lbs. / 96.2 kg.,$4861207,The Bahamas,2016,1,6,Oklahoma,8
Kyle Kuzma,84,#0,Los Angeles Lakers,F,07/24/1995,6-8 / 2.03,221 lbs. / 100.2 kg.,$1974600,USA,2017,1,27,Utah,10
Jamal Murray,84,#27,Denver Nuggets,G,02/23/1997,6-4 / 1.93,201 lbs. / 91.2 kg.,$4444746,Canada,2016,1,7,Kentucky,12
Louis Williams,84,#23,Los Angeles Clippers,G,10/27/1986,6-1 / 1.85,175 lbs. / 79.4 kg.,$8000000,USA,2005,2,45,No college,1
Marvin Bagley,83,#35,Sacramento Kings,F,03/14/1999,6-11 / 2.11,235 lbs. / 106.6 kg.,$8556120,USA,2018,1,2,Duke,14
Bojan Bogdanovic,83,#44,Utah Jazz,G-F,04/18/1989,6-8 / 2.03,216 lbs. / 98 kg.,$17000000,Croatia,2011,2,31,No college,4
Malcolm Brogdon,83,#7,Indiana Pacers,G,12/11/1992,6-5 / 1.96,223 lbs. / 101.2 kg.,$20000000,USA,2016,2,36,Virginia,7
Danilo Gallinari,83,#8,Oklahoma City Thunder,F,08/08/1988,6-10 / 2.08,225 lbs. / 102.1 kg.,$22615559,Italy,2008,1,6,No college,3
Montrezl Harrell,83,#5,Los Angeles Clippers,F,01/26/1994,6-7 / 2.01,253 lbs. / 114.8 kg.,$6000000,USA,2015,2,32,Louisville,9
Kevin Love,83,#0,Cleveland Cavaliers,F,09/07/1988,6-8 / 2.03,260 lbs. / 117.9 kg.,$28942830,USA,2008,1,5,UCLA,3
Lauri Markkanen,83,#24,Chicago Bulls,F-C,05/22/1997,7-0 / 2.13,240 lbs. / 108.9 kg.,$5300400,Finland,2017,1,7,Arizona,12
Jusuf Nurkic,83,#27,Portland Trail Blazers,C,08/23/1994,7-0 / 2.13,290 lbs. / 131.5 kg.,$12000000,Bosnia and Herzegovina,2014,1,16,No college,9
Julius Randle,83,#30,New York Knicks,F,11/29/1994,6-8 / 2.03,250 lbs. / 113.4 kg.,$18000000,USA,2014,1,7,Kentucky,9
Marc Gasol,82,#33,Toronto Raptors,C,01/29/1985,6-11 / 2.11,265 lbs. / 120.2 kg.,$25595700,Spain,2007,2,48,No college,Old
Steven Adams,82,#12,Oklahoma City Thunder,C,07/20/1993,6-11 / 2.11,255 lbs. / 115.7 kg.,$25842697,New Zealand,2013,1,12,Pittsburgh,8
Deandre Ayton,82,#22,Phoenix Suns,C,07/23/1998,6-11 / 2.11,250 lbs. / 113.4 kg.,$9562920,The Bahamas,2018,1,1,Arizona,13
Spencer Dinwiddie,82,#8,Brooklyn Nets,G,04/06/1993,6-5 / 1.96,205 lbs. / 93 kg.,$10605600,USA,2014,2,38,Colorado,8
Jaren Jackson,82,#13,Memphis Grizzlies,F-C,09/15/1999,6-11 / 2.11,242 lbs. / 110 kg.,$6699960,USA,2018,1,4,Michigan State,14
Paul Millsap,82,#4,Denver Nuggets,F-C,02/10/1985,6-7 / 2.01,250 lbs. / 113.4 kg.,$30350000,USA,2017,2,47,Louisiana Tech,Old
Marcus Smart,82,#36,Boston Celtics,G,03/06/1994,6-3 / 1.91,227 lbs. / 103 kg.,$12553571,USA,2014,1,6,Oklahoma State,9
Myles Turner,82,#33,Indiana Pacers,F-C,03/24/1996,6-11 / 2.11,239 lbs. / 108.4 kg.,$18000000,USA,2015,1,11,Texas,11
Serge Ibaka,81,#9,Toronto Raptors,F,09/18/1989,7-0 / 2.13,240 lbs. / 108.9 kg.,$23271604,Spain,2008,1,24,No college,4
Zion Williamson,81,#1,New Orleans Pelicans,F,07/06/2000,6-6 / 1.98,284 lbs. / 128.8 kg.,$9757440,USA,2019,1,1,Duke,15
Rudy Gay,81,#22,San Antonio Spurs,F,08/17/1986,6-8 / 2.03,230 lbs. / 104.3 kg.,$14500000,USA,2006,1,8,UConn,1
Aaron Gordon,81,#0,Orlando Magic,F,09/16/1995,6-8 / 2.03,220 lbs. / 99.8 kg.,$19863636,USA,2014,1,4,Arizona,10
Brandon Ingram,81,#14,New Orleans Pelicans,F,09/02/1997,6-7 / 2.01,196 lbs. / 88.9 kg.,$7265485,USA,2016,1,2,Duke,12
DeAndre Jordan,81,#6,Brooklyn Nets,C,07/21/1988,6-11 / 2.11,265 lbs. / 120.2 kg.,$9881598,USA,2008,2,35,Texas A&M,3
Domantas Sabonis,81,#11,Indiana Pacers,F-C,05/03/1996,6-11 / 2.11,231 lbs. / 104.8 kg.,$3529554,Lithuania,2016,1,11,Gonzaga,11
Jonas Valanciunas,81,#17,Memphis Grizzlies,C,05/06/1992,6-11 / 2.11,231 lbs. / 104.8 kg.,$16000000,Lithuania,2011,1,5,No college,7
Hassan Whiteside,81,#21,Portland Trail Blazers,C,06/13/1989,7-0 / 2.13,235 lbs. / 106.6 kg.,$27093018,USA,2010,2,33,Marshall,4
Derrick Rose,80,#25,Detroit Pistons,G,10/04/1988,6-2 / 1.88,190 lbs. / 86.2 kg.,$7317074,USA,2008,1,1,Memphis,3
Robert Covington,80,#33,Houston Rockets,F,12/14/1990,6-7 / 2.01,209 lbs. / 94.8 kg.,$11301219,USA,2013,Undrafted,Undrafted,Tennessee State,5
Derrick Favors,80,#22,New Orleans Pelicans,F,07/15/1991,6-9 / 2.06,246 lbs. / 111.6 kg.,$17650000,USA,2010,1,3,Georgia Tech,6
Gordon Hayward,80,#20,Boston Celtics,F,03/23/1990,6-7 / 2.01,207 lbs. / 93.9 kg.,$32700690,USA,2010,1,9,Butler,5
Reggie Jackson,80,#0,Los Angeles Clippers,G,04/16/1990,6-3 / 1.91,208 lbs. / 94.3 kg.,$17799677,USA,2011,1,24,Boston College,5
Enes Kanter,80,#11,Boston Celtics,C,05/20/1992,6-10 / 2.08,262 lbs. / 118.8 kg.,$4767000,Turkey,2011,1,3,No college,7
Otto Porter,80,#22,Chicago Bulls,F,06/03/1993,6-8 / 2.03,198 lbs. / 89.8 kg.,$27250576,USA,2013,1,2,Georgetown,8
JJ Redick,80,#4,New Orleans Pelicans,G,06/24/1984,6-3 / 1.91,190 lbs. / 86.2 kg.,$13486300,USA,2006,1,11,Duke,Old
Josh Richardson,80,#0,Philadelphia 76ers,G,09/15/1993,6-5 / 1.96,200 lbs. / 90.7 kg.,$10116576,USA,2015,2,40,Tennessee,8
TJ Warren,80,#1,Indiana Pacers,F,09/05/1993,6-8 / 2.03,220 lbs. / 99.8 kg.,$11060000,USA,2014,1,14,NC State,8
Ja Morant,79,#12,Memphis Grizzlies,G,08/10/1999,6-3 / 1.91,174 lbs. / 78.9 kg.,$8730240,USA,2019,1,2,Murray State,14
Bam Adebayo,79,#13,Miami Heat,F-C,07/18/1997,6-9 / 2.06,243 lbs. / 110.2 kg.,$3454080,USA,2017,1,14,Kentucky,12
Jarrett Allen,79,#31,Brooklyn Nets,C,04/20/1998,6-11 / 2.11,234 lbs. / 106.1 kg.,$2376840,USA,2017,1,22,Texas,13
Lonzo Ball,79,#2,New Orleans Pelicans,G,10/27/1997,6-6 / 1.98,190 lbs. / 86.2 kg.,$8719320,USA,2017,1,2,UCLA,12
Harrison Barnes,79,#40,Sacramento Kings,F,05/30/1992,6-8 / 2.03,210 lbs. / 95.3 kg.,$24147727,USA,2012,1,7,North Carolina,7
Patrick Beverley,79,#21,Los Angeles Clippers,G,07/12/1988,6-1 / 1.85,180 lbs. / 81.6 kg.,$12345680,USA,2009,2,42,Arkansas,3
Jaylen Brown,79,#7,Boston Celtics,F,10/24/1996,6-6 / 1.98,223 lbs. / 101.2 kg.,$6534829,USA,2016,1,3,California,11
Willie Cauley-Stein,79,#0,Dallas Mavericks,C,08/18/1993,7-0 / 2.13,242 lbs. / 109.8 kg.,$2177483,USA,2015,1,6,Kentucky,8
Goran Dragic,79,#7,Miami Heat,G,05/06/1986,6-3 / 1.91,190 lbs. / 86.2 kg.,$19217900,Slovenia,2008,2,45,No college,1
Shai Gilgeous-Alexander,79,#2,Oklahoma City Thunder,G,07/12/1998,6-5 / 1.96,180 lbs. / 81.6 kg.,$3952920,Canada,2018,1,11,Kentucky,13
Gary Harris,79,#14,Denver Nuggets,G,09/14/1994,6-4 / 1.93,205 lbs. / 93 kg.,$17839286,USA,2014,1,19,Michigan State,9
Joe Ingles,79,#2,Utah Jazz,F,10/02/1987,6-7 / 2.01,209 lbs. / 94.8 kg.,$11454546,Australia,2009,Undrafted,Undrafted,No college,2
Jeremy Lamb,79,#26,Indiana Pacers,G,05/30/1992,6-5 / 1.96,180 lbs. / 81.6 kg.,$10500000,USA,2012,1,12,UConn,7
Brook Lopez,79,#11,Milwaukee Bucks,C,04/01/1988,7-0 / 2.13,265 lbs. / 120.2 kg.,$12093024,USA,2008,1,10,Stanford,3
JaVale McGee,79,#7,Los Angeles Lakers,C,01/19/1988,7-0 / 2.13,270 lbs. / 122.5 kg.,$4000000,USA,2008,1,18,Nevada,3
Mitchell Robinson,79,#23,New York Knicks,C,04/01/1998,7-0 / 2.13,223 lbs. / 101.2 kg.,$1559712,USA,2018,2,36,No college,13
Terrence Ross,79,#8,Orlando Magic,G,02/05/1991,6-6 / 1.98,206 lbs. / 93.4 kg.,$12500000,USA,2012,1,8,Washington,6
Tristan Thompson,79,#13,Cleveland Cavaliers,F,03/13/1991,6-9 / 2.06,225 lbs. / 102.1 kg.,$18539130,Canada,2011,1,4,Texas,6
PJ Tucker,79,#17,Houston Rockets,F,05/05/1985,6-5 / 1.96,225 lbs. / 102.1 kg.,$8349039,USA,2006,2,35,Texas,Old
Fred VanVleet,79,#23,Toronto Raptors,G,02/25/1994,6-1 / 1.85,197 lbs. / 89.4 kg.,$9346153,USA,2006,Undrafted,Undrafted,Wichita State,9
Andrew Wiggins,79,#22,Golden State Warriors,F,02/23/1995,6-7 / 2.01,197 lbs. / 89.4 kg.,$27504630,Canada,2014,1,1,Kansas,10
Thaddeus Young,79,#21,Chicago Bulls,F,06/21/1988,6-8 / 2.03,220 lbs. / 99.8 kg.,$12900000,USA,2007,1,12,Georgia Tech,3
RJ Barrett,78,#9,New York Knicks,G,06/14/2000,6-6 / 1.98,202 lbs. / 91.6 kg.,$7839960,Canada,2019,1,3,Duke,15
Ricky Rubio,78,#11,Phoenix Suns,G,10/21/1990,6-3 / 1.91,180 lbs. / 81.6 kg.,$16200000,Spain,2009,1,5,No college,5
Will Barton,78,#5,Denver Nuggets,G,01/06/1991,6-5 / 1.96,175 lbs. / 79.4 kg.,$12776786,USA,2012,2,40,Memphis,6
Bogdan Bogdanovic,78,#8,Sacramento Kings,G,08/18/1992,6-6 / 1.98,205 lbs. / 93 kg.,$8529386,Serbia,2014,1,27,No college,7
Thomas Bryant,78,#13,Washington Wizards,F-C,07/31/1997,6-10 / 2.08,241 lbs. / 109.3 kg.,$8000000,USA,2017,2,42,Indiana,12
Wendell Carter,78,#34,Chicago Bulls,C,04/16/1999,6-9 / 2.06,259 lbs. / 117.5 kg.,$5201400,USA,2018,1,7,Duke,14
Jordan Clarkson,78,#8,Utah Jazz,G,06/07/1992,6-4 / 1.93,186 lbs. / 84.4 kg.,$13437500,Philippines,2014,2,46,Missouri,7
Evan Fournier,78,#10,Orlando Magic,G,10/29/1992,6-7 / 2.01,190 lbs. / 86.2 kg.,$17150000,France,2012,1,20,No college,7
Eric Gordon,78,#10,Houston Rockets,G,12/25/1988,6-3 / 1.91,215 lbs. / 97.5 kg.,$14057730,USA,2008,1,7,Indiana,3
JaMychal Green,78,#4,Los Angeles Clippers,F,06/21/1990,6-8 / 2.03,220 lbs. / 99.8 kg.,$4767000,USA,2012,Undrafted,Undrafted,Alabama,5
Joe Harris,78,#12,Brooklyn Nets,G,09/06/1991,6-6 / 1.98,215 lbs. / 97.5 kg.,$7666667,USA,2014,2,33,Virginia,6
Andre Iguodala,78,#9,Miami Heat,G-F,01/28/1984,6-6 / 1.98,207 lbs. / 93.9 kg.,$17185185,USA,2004,1,9,Arizona,Old
Caris LeVert,78,#22,Brooklyn Nets,G,08/25/1994,6-6 / 1.98,191 lbs. / 86.6 kg.,$2625717,USA,2016,1,20,Michigan,9
Marcus Morris,78,#0,Los Angeles Clippers,F,09/02/1989,6-8 / 2.03,235 lbs. / 106.6 kg.,$15000000,USA,2011,1,14,Kansas,4
Dejounte Murray,78,#5,San Antonio Spurs,G,09/19/1996,6-4 / 1.93,170 lbs. / 77.1 kg.,$2321735,USA,2016,1,29,Washington,11
Larry Nance Jr,78,#22,Cleveland Cavaliers,F,01/01/1993,6-7 / 2.01,227 lbs. / 103 kg.,$12727273,USA,2015,1,27,Wyoming,8
Kelly Olynyk,78,#9,Miami Heat,C,04/19/1991,6-11 / 2.11,234 lbs. / 106.1 kg.,$12667885,Canada,2013,1,13,Gonzaga,6
Kelly Oubre,78,#3,Phoenix Suns,F-G,12/09/1995,6-7 / 2.01,203 lbs. / 92.1 kg.,$15625000,USA,2015,1,15,Kansas,10
Jabari Parker,78,#0,Sacramento Kings,F,03/15/1995,6-8 / 2.03,235 lbs. / 106.6 kg.,$6500000,USA,2014,1,2,Duke,10
Bobby Portis,78,#1,New York Knicks,F-C,02/10/1995,6-10 / 2.08,246 lbs. / 111.6 kg.,$15000000,USA,2015,1,22,Arkansas,10
Terry Rozier,78,#3,Charlotte Hornets,G,03/17/1994,6-1 / 1.85,190 lbs. / 86.2 kg.,$19894737,USA,2015,1,16,Louisville,9
Dennis Schroeder,78,#17,Oklahoma City Thunder,G,09/15/1993,6-1 / 1.85,172 lbs. / 78 kg.,$15500000,Germany,2013,1,17,No college,8
Jeff Teague,78,#0,Atlanta Hawks,G,06/10/1988,6-3 / 1.91,181 lbs. / 82.1 kg.,$19000000,USA,2009,1,19,Wake Forest,3
Derrick White,78,#4,San Antonio Spurs,G,07/02/1994,6-4 / 1.93,200 lbs. / 90.7 kg.,$1948080,USA,2017,1,29,Colorado,9
Justise Winslow,78,#0,Memphis Grizzlies,F,03/26/1996,6-6 / 1.98,222 lbs. / 100.7 kg.,$13000000,USA,2015,1,10,Duke,11
Darius Garland,77,#10,Cleveland Cavaliers,G,06/26/2000,6-1 / 1.85,175 lbs. / 79.4 kg.,$6400920,USA,2019,1,5,Vanderbilt,15
De'Andre Hunter,77,#12,Atlanta Hawks,F,12/01/1997,6-7 / 2.01,225 lbs. / 102.1 kg.,$7068360,USA,2019,1,4,Virginia,12
Al-Farouq Aminu,77,#2,Orlando Magic,F,09/21/1990,6-8 / 2.03,215 lbs. / 97.5 kg.,$9258000,Nigeria,2010,1,8,Wake Forest,5
Mo Bamba,77,#5,Orlando Magic,C,05/12/1998,7-0 / 2.13,225 lbs. / 102.1 kg.,$5697600,USA,2018,1,6,Texas,13
Nicolas Batum,77,#5,Charlotte Hornets,F-G,12/14/1988,6-9 / 2.06,210 lbs. / 95.3 kg.,$25565217,France,2008,1,25,No college,3
Malik Beasley,77,#0,Minnesota Timberwolves,G,11/26/1996,6-4 / 1.93,198 lbs. / 89.8 kg.,$2731713,USA,2016,1,19,Florida State,11
Nemanja Bjelica,77,#88,Sacramento Kings,F-G,05/09/1988,6-10 / 2.08,224 lbs. / 101.6 kg.,$6825000,Serbia,2010,2,35,No college,3
DeMarre Carroll,77,#0,Houston Rockets,F,07/27/1986,6-6 / 1.98,212 lbs. / 96.2 kg.,$7339258,USA,2009,1,27,Missouri,1
Ed Davis,77,#17,Utah Jazz,F,06/05/1989,6-9 / 2.06,215 lbs. / 97.5 kg.,$4767000,USA,2010,1,13,North Carolina,4
Taj Gibson,77,#67,New York Knicks,F,06/24/1985,6-9 / 2.06,225 lbs. / 102.1 kg.,$9000000,USA,2009,1,26,USC,Old
Jerami Grant,77,#9,Denver Nuggets,F,03/12/1994,6-8 / 2.03,214 lbs. / 97.1 kg.,$9346153,USA,2014,2,39,Syracuse,9
Danny Green,77,#14,Los Angeles Lakers,G,06/22/1987,6-6 / 1.98,209 lbs. / 94.8 kg.,$14634147,USA,2009,2,46,North Carolina,2
Tim Hardaway Jr,77,#11,Dallas Mavericks,G,03/16/1992,6-5 / 1.96,199 lbs. / 90.3 kg.,$20025127,USA,2013,1,24,Michigan,7
Alex Len,77,#0,Sacramento Kings,C,06/16/1993,7-0 / 2.13,225 lbs. / 102.1 kg.,$4160000,Ukraine,2013,1,5,Maryland,8
Kevon Looney,77,#5,Golden State Warriors,F,02/06/1996,6-9 / 2.06,222 lbs. / 100.7 kg.,$4464286,USA,2015,1,30,UCLA,11
Monte Morris,77,#11,Denver Nuggets,G,06/27/1995,6-2 / 1.88,175 lbs. / 79.4 kg.,$1588231,USA,2017,2,51,Iowa State,10
Nerlens Noel,77,#9,Oklahoma City Thunder,F-C,04/10/1994,6-10 / 2.08,206 lbs. / 93.4 kg.,$1882867,USA,2013,1,6,Kentucky,9
Mason Plumlee,77,#24,Denver Nuggets,C-F,03/05/1990,6-11 / 2.11,238 lbs. / 108 kg.,$14041096,USA,2013,1,22,Duke,5
Jakob Poeltl,77,#25,San Antonio Spurs,C-F,10/15/1995,7-1 / 2.16,239 lbs. / 108.4 kg.,$3754885,Austria,2016,1,9,Utah,10
Dwight Powell,77,#7,Dallas Mavericks,F-C,07/20/1991,6-10 / 2.08,234 lbs. / 106.1 kg.,$10259375,Canada,2014,2,45,Stanford,6
Taurean Prince,77,#2,Brooklyn Nets,F,03/22/1994,6-7 / 2.01,220 lbs. / 99.8 kg.,$3481985,USA,2016,1,12,Baylor,9
Dario Saric,77,#20,Phoenix Suns,F,04/08/1994,6-10 / 2.08,216 lbs. / 98 kg.,$3481985,Croatia,2014,1,12,No college,9
Collin Sexton,77,#2,Cleveland Cavaliers,G,01/04/1999,6-1 / 1.85,190 lbs. / 86.2 kg.,$4764960,USA,2018,1,8,Alabama,14
Dennis Smith,77,#5,New York Knicks,G,11/25/1997,6-2 / 1.88,195 lbs. / 88.5 kg.,$4463640,USA,2017,1,9,NC State,12
Cody Zeller,77,#40,Charlotte Hornets,C-F,10/05/1992,7-0 / 2.13,230 lbs. / 104.3 kg.,$14471910,USA,2013,1,4,Indiana,7
Ivica Zubac,77,#40,Los Angeles Clippers,C,03/18/1997,7-0 / 2.13,265 lbs. / 120.2 kg.,$6481482,Croatia,2016,2,32,No college,12
Jarrett Culver,77,#23,Minnesota Timberwolves,G,02/20/1999,6-6 / 1.98,195 lbs. / 88.5 kg.,$5813640,USA,2019,1,6,Texas Tech,14
Willy Hernangomez,76,#9,Charlotte Hornets,C-F,05/27/1994,6-11 / 2.11,255 lbs. / 115.7 kg.,$1676735,Spain,2015,2,35,No college,9
Trevor Ariza,76,#0,Portland Trail Blazers,F-G,06/30/1985,6-8 / 2.03,210 lbs. / 95.3 kg.,$12200000,USA,2004,2,43,UCLA,Old
DJ Augustin,76,#14,Orlando Magic,G,11/10/1987,5-11 / 1.80,180 lbs. / 81.6 kg.,$7250000,USA,2008,1,9,Texas,2
Jose Juan Barea,76,#5,Dallas Mavericks,G,06/26/1984,5-10 / 1.78,175 lbs. / 79.4 kg.,$2564753,Puerto Rico,2006,Undrafted,Undrafted,Northeastern,Old
Michael Beasley,76,#0,Free agent,F,01/09/1989,6-10 / 2.08,235 lbs. / 106.6 kg.,$3500000,USA,2008,1,2,Kansas State,4
Davis Bertans,76,#42,Washington Wizards,F,11/12/1992,6-10 / 2.08,211 lbs. / 95.7 kg.,$7000000,Latvia,2011,2,42,No college,7
Avery Bradley,76,#11,Los Angeles Lakers,G,11/26/1990,6-3 / 1.91,195 lbs. / 88.5 kg.,$6767000,USA,2010,1,19,Texas,5
Miles Bridges,76,#0,Charlotte Hornets,F,03/21/1998,6-6 / 1.98,225 lbs. / 102.1 kg.,$3755400,USA,2018,1,12,Michigan State,13
Jalen Brunson,76,#13,Dallas Mavericks,G,08/31/1996,6-1 / 1.85,190 lbs. / 86.2 kg.,$1416852,USA,2018,2,33,Villanova,11
Kentavious Caldwell-Pope,76,#1,Los Angeles Lakers,G,02/18/1993,6-5 / 1.96,204 lbs. / 92.5 kg.,$8089282,USA,2013,1,8,Georgia,8
Jae Crowder,76,#99,Miami Heat,F,07/06/1990,6-6 / 1.98,235 lbs. / 106.6 kg.,$7815533,USA,2012,2,34,Marquette,5
Dewayne Dedmon,76,#0,Atlanta Hawks,C,08/12/1989,7-0 / 2.13,239 lbs. / 108.4 kg.,$13333334,USA,2013,Undrafted,Undrafted,USC,4
Gorgui Dieng,76,#0,Memphis Grizzlies,C,01/18/1990,6-10 / 2.08,230 lbs. / 104.3 kg.,$16229213,Senegal,2013,1,21,Louisville,5
Gerald Green,76,#0,Free agent,F-G,01/26/1986,6-6 / 1.98,192 lbs. / 87.1 kg.,$2564753,USA,2005,1,18,No college,1
Jeff Green,76,#34,Houston Rockets,F,08/28/1986,6-8 / 2.03,235 lbs. / 106.6 kg.,$3405180,USA,2007,1,5,Georgetown,1
Rodney Hood,76,#5,Portland Trail Blazers,F,10/20/1992,6-8 / 2.03,208 lbs. / 94.3 kg.,$5718000,USA,2014,1,23,Duke,7
Kevin Huerter,76,#3,Atlanta Hawks,G,08/27/1998,6-7 / 2.01,190 lbs. / 86.2 kg.,$2636280,USA,2018,1,19,Maryland,13
Ersan Ilyasova,76,#7,Milwaukee Bucks,F,05/15/1987,6-9 / 2.06,235 lbs. / 106.6 kg.,$7000000,Turkey,2005,2,36,No college,2
Jonathan Isaac,76,#1,Orlando Magic,F,10/03/1997,6-11 / 2.11,205 lbs. / 93 kg.,$5806440,USA,2017,1,6,Florida State,12
Josh Jackson,76,#20,Memphis Grizzlies,F,02/10/1997,6-8 / 2.03,203 lbs. / 92.1 kg.,$7059480,USA,2017,1,4,Kansas,12
Frank Kaminsky,76,#8,Phoenix Suns,F-C,04/04/1993,7-0 / 2.13,231 lbs. / 104.8 kg.,$4767000,USA,2015,1,9,Wisconsin,8
Michael Kidd-Gilchrist,76,#0,Dallas Mavericks,F,09/26/1993,6-6 / 1.98,232 lbs. / 105.2 kg.,$12784359,USA,2012,1,2,Kentucky,8
Kevin Knox,76,#20,New York Knicks,F,08/11/1999,6-7 / 2.01,215 lbs. / 97.5 kg.,$4380120,USA,2018,1,9,Kentucky,14
Meyers Leonard,76,#0,Miami Heat,C,02/27/1992,7-0 / 2.13,245 lbs. / 111.1 kg.,$11286515,USA,2012,1,11,Illinois ,7
Wesley Matthews,76,#9,Milwaukee Bucks,G,10/14/1986,6-4 / 1.93,220 lbs. / 99.8 kg.,$2564753,USA,2009,Undrafted,Undrafted,Marquette,1
Emmanuel Mudiay,76,#8,Utah Jazz,G,03/05/1996,6-3 / 1.91,190 lbs. / 86.2 kg.,$1737145,Democratic Republic of the Congo,2015,1,7,No college,11
Jahlil Okafor,76,#8,New Orleans Pelicans,C,12/15/1995,6-10 / 2.08,270 lbs. / 122.5 kg.,$1702486,USA,2015,1,3,Duke,10
Elfrid Payton,76,#6,New York Knicks,G,02/22/1994,6-3 / 1.91,185 lbs. / 83.9 kg.,$8000000,USA,2014,1,10,Louisiana,9
Michael Porter,76,#1,Denver Nuggets,F,06/29/1998,6-10 / 2.08,215 lbs. / 97.5 kg.,$3389400,USA,2018,1,14,Missouri ,13
Austin Rivers,76,#25,Houston Rockets,G,08/01/1992,6-3 / 1.91,200 lbs. / 90.7 kg.,$2174310,USA,2012,1,10,Duke,7
Andre Roberson,76,#21,Oklahoma City Thunder,G-F,12/04/1991,6-7 / 2.01,206 lbs. / 93.4 kg.,$10740740,USA,2013,1,26,Colorado ,6
Rajon Rondo,76,#9,Los Angeles Lakers,G,02/22/1986,6-1 / 1.85,186 lbs. / 84.4 kg.,$2564753,USA,2006,1,21,Kentucky,1
Landry Shamet,76,#20,Los Angeles Clippers,G,03/13/1997,6-4 / 1.93,180 lbs. / 81.6 kg.,$1995120,USA,2018,1,26,Wichita State,12
Daniel Theis,76,#27,Boston Celtics,C,04/04/1992,6-8 / 2.03,215 lbs. / 97.5 kg.,$5000000,Germany,2013,Undrafted,Undrafted,No college,7
Isaiah Thomas,76,#0,Free agent,G,02/07/1989,5-9 / 1.75,185 lbs. / 83.9 kg.,$2320044,USA,2011,2,60,Washington,4
Dion Waiters,76,#11,Los Angeles Lakers,G,12/10/1991,6-3 / 1.91,210 lbs. / 95.3 kg.,$12475385,USA,2012,1,4,Syracuse,6
Marvin Williams,76,#2,Milwaukee Bucks,F,06/19/1986,6-8 / 2.03,240 lbs. / 108.9 kg.,$14654179,USA,2005,1,2,North Carolina,1
Delon Wright,76,#55,Dallas Mavericks,G,04/26/1992,6-5 / 1.96,181 lbs. / 82.1 kg.,$9473684,USA,2015,1,20,Utah,7
Coby White,76,#0,Chicago Bulls,G,02/16/2000,6-4 / 1.93,185 lbs. / 83.9 kg.,$5307120,USA,2019,1,7,North Carolina,15
Pau Gasol,75,#0,Free agent,C,07/06/1980,7-1 / 2.16,250 lbs. / 113.4 kg.,$5538540,Spain,2001,1,3,No college,Old
Aron Baynes,75,#46,Phoenix Suns,C,12/09/1986,6-10 / 2.08,260 lbs. / 117.9 kg.,$5453280,Australia,2009,Undrafted,Undrafted,Washington State,1
Kent Bazemore,75,#26,Sacramento Kings,G,07/01/1989,6-4 / 1.93,195 lbs. / 88.5 kg.,$19269663,USA,2012,Undrafted,Undrafted,Old Dominion,4
Marco Belinelli,75,#18,San Antonio Spurs,G,03/25/1986,6-5 / 1.96,200 lbs. / 90.7 kg.,$5846154,Italy,2007,1,18,No college,1
Bismack Biyombo,75,#8,Charlotte Hornets,C,08/28/1992,6-8 / 2.03,229 lbs. / 103.9 kg.,$17000000,Democratic Republic of the Congo,2011,1,7,No college,7
Mikal Bridges,75,#25,Phoenix Suns,F-G,08/30/1996,6-6 / 1.98,209 lbs. / 94.8 kg.,$4161000,USA,2018,1,10,Villanova,11
Wilson Chandler,75,#21,Brooklyn Nets,F-G,05/10/1987,6-8 / 2.03,225 lbs. / 102.1 kg.,$2564753,USA,2007,1,23,DePaul,2
Damyean Dotson,75,#21,New York Knicks,G,05/06/1994,6-5 / 1.96,202 lbs. / 91.6 kg.,$1618520,USA,2017,2,44,Houston,9
Kris Dunn,75,#32,Chicago Bulls,G,03/18/1994,6-3 / 1.91,205 lbs. / 93 kg.,$5348007,USA,2016,1,5,Providence,9
Wayne Ellington,75,#2,New York Knicks,G,11/29/1987,6-4 / 1.93,200 lbs. / 90.7 kg.,$8000000,USA,2009,1,28,North Carolina,2
Bryn Forbes,75,#11,San Antonio Spurs,G,07/23/1993,6-2 / 1.88,187 lbs. / 84.8 kg.,$2875000,USA,2016,Undrafted,Undrafted,Michigan State,8
Josh Hart,75,#3,New Orleans Pelicans,G,03/06/1995,6-5 / 1.96,204 lbs. / 92.5 kg.,$1934160,USA,2017,1,30,Villanova,10
John Henson,75,#31,Detroit Pistons,F,12/28/1990,6-9 / 2.06,220 lbs. / 99.8 kg.,$9732396,USA,2012,1,14,North Carolina,5
Mario Hezonja,75,#44,Portland Trail Blazers,F-G,02/25/1995,6-8 / 2.03,201 lbs. / 91.2 kg.,$1737145,Croatia,2015,1,5,No college,10
George Hill,75,#3,Milwaukee Bucks,G,05/04/1986,6-3 / 1.91,180 lbs. / 81.6 kg.,$10133907,USA,2008,1,26,IUPUI,1
Rondae Hollis-Jefferson,75,#4,Toronto Raptors,F,01/03/1995,6-6 / 1.98,211 lbs. / 95.7 kg.,$2500000,USA,2015,1,23,Arizona,10
Richaun Holmes,75,#22,Sacramento Kings,F,10/15/1993,6-10 / 2.08,243 lbs. / 110.2 kg.,$4767000,USA,2015,2,37,Bowling Green,8
James Johnson,75,#0,Minnesota Timberwolves,F,02/20/1987,6-7 / 2.01,245 lbs. / 111.1 kg.,$15349400,USA,2009,1,16,Wake Forest,2
Luke Kennard,75,#5,Detroit Pistons,G,06/24/1996,6-5 / 1.96,196 lbs. / 88.9 kg.,$3827160,USA,2017,1,12,Duke,11
Kyle Korver,75,#26,Milwaukee Bucks,F,03/17/1981,6-7 / 2.01,212 lbs. / 96.2 kg.,$6004753,USA,2003,2,51,Creighton,Old
Rodions Kurucs,75,#0,Brooklyn Nets,F,02/05/1998,6-9 / 2.06,215 lbs. / 97.5 kg.,$1699236,Latvia,2018,2,40,No college,13
Jake Layman,75,#10,Minnesota Timberwolves,F,03/07/1994,6-8 / 2.03,209 lbs. / 94.8 kg.,$3581986,USA,2016,2,47,Maryland,9
Robin Lopez,75,#42,Milwaukee Bucks,C,04/01/1988,7-0 / 2.13,255 lbs. / 115.7 kg.,$4767000,USA,2008,1,15,Stanford,3
Trey Lyles,75,#41,San Antonio Spurs,F,11/05/1995,6-9 / 2.06,241 lbs. / 109.3 kg.,$5500000,Canada,2015,1,12,Kentucky,10
Boban Marjanovic,75,#51,Dallas Mavericks,C,08/15/1988,7-4 / 2.24,290 lbs. / 131.5 kg.,$3500000,Serbia,2010,Undrafted,Undrafted,No college,3
TJ McConnell,75,#9,Indiana Pacers,G,03/25/1992,6-1 / 1.85,200 lbs. / 90.7 kg.,$3500000,USA,2015,Undrafted,Undrafted,Arizona,7
Patrick Mills,75,#8,San Antonio Spurs,G,08/11/1988,6-1 / 1.85,185 lbs. / 83.9 kg.,$12678571,Australia,2009,2,55,Saint Mary's,3
Malik Monk,75,#1,Charlotte Hornets,G,02/04/1998,6-3 / 1.91,197 lbs. / 89.4 kg.,$4028400,USA,2017,1,11,Kentucky,13
Markieff Morris,75,#88,Los Angeles Lakers,F,09/02/1989,6-8 / 2.03,245 lbs. / 111.1 kg.,$3709887,USA,2011,1,13,Kansas,4
Shabazz Napier,75,#0,Washington Wizards,G,07/14/1991,6-0 / 1.83,175 lbs. / 79.4 kg.,$1845301,USA,2014,1,24,UConn,6
Cedi Osman,75,#16,Cleveland Cavaliers,F-G,04/08/1995,6-7 / 2.01,215 lbs. / 97.5 kg.,$2907143,Turkey,2015,2,31,No college,10
Tomas Satoransky,75,#31,Chicago Bulls,G,10/30/1991,6-7 / 2.01,198 lbs. / 89.8 kg.,$10000000,Czech,2012,2,32,No college,6
Mike Scott,75,#1,Philadelphia 76ers,F,07/16/1988,6-7 / 2.01,237 lbs. / 107.5 kg.,$4767000,USA,2012,2,43,Virginia,3
Noah Vonleh,75,#0,Denver Nuggets,F,08/24/1995,6-10 / 2.08,247 lbs. / 112 kg.,$2000000,USA,2014,1,9,Indiana,10
Allonzo Trier,75,#0,Free agent,G-F,01/17/1996,6-4 / 1.93,200 lbs. / 90.7 kg.,$3551100,USA,2018,Undrafted,Undrafted,Arizona,11
Juan Hernangomez,74,#41,Minnesota Timberwolves,F,09/28/1995,6-9 / 2.06,220 lbs. / 99.8 kg.,$3321029,Spain,2016,1,15,No college,10
Kyle Anderson,74,#1,Memphis Grizzlies,F,09/20/1993,6-9 / 2.06,230 lbs. / 104.3 kg.,$9073050,USA,2014,1,30,UCLA,8
Jordan Bell,74,#0,Cleveland Cavaliers,F-C,01/07/1995,6-8 / 2.03,224 lbs. / 101.6 kg.,$1870564,USA,2017,2,38,Oregon,10
Khem Birch,74,#24,Orlando Magic,C,09/28/1992,6-9 / 2.06,209 lbs. / 94.8 kg.,$3000000,Canada,2014,Undrafted,Undrafted,UNLV,7
Dillon Brooks,74,#24,Memphis Grizzlies,G-F,01/22/1996,6-7 / 2.01,225 lbs. / 102.1 kg.,$1618520,Canada,2017,2,45,Oregon,11
Reggie Bullock,74,#25,New York Knicks,G,03/16/1991,6-6 / 1.98,200 lbs. / 90.7 kg.,$4000000,USA,2013,1,25,North Carolina,6
Zach Collins,74,#33,Portland Trail Blazers,C,11/17/1997,6-11 / 2.11,232 lbs. / 105.2 kg.,$4240200,USA,2017,1,10,Gonzaga,12
Pat Connaughton,74,#24,Milwaukee Bucks,G,01/06/1993,6-5 / 1.96,215 lbs. / 97.5 kg.,$1723050,USA,2015,2,41,Notre Dame,8
Quinn Cook,74,#2,Los Angeles Lakers,G,03/23/1993,6-1 / 1.85,180 lbs. / 81.6 kg.,$3000000,USA,2015,Undrafted,Undrafted,Duke,8
Torrey Craig,74,#3,Denver Nuggets,G,12/19/1990,6-7 / 2.01,215 lbs. / 97.5 kg.,$2000000,USA,2014,Undrafted,Undrafted,USC Upstate,5
Seth Curry,74,#30,Dallas Mavericks,G,08/23/1990,6-2 / 1.88,180 lbs. / 81.6 kg.,$7461380,USA,2013,Undrafted,Undrafted,Duke,5
Cheick Diallo,74,#14,Phoenix Suns,F-C,09/13/1996,6-8 / 2.03,219 lbs. / 99.3 kg.,$1678854,Mali,2016,2,33,Kansas,11
Yogi Ferrell,74,#3,Sacramento Kings,G,05/09/1993,6-0 / 1.83,178 lbs. / 80.7 kg.,$3150000,USA,2016,Undrafted,Undrafted,Indiana,8
Markelle Fultz,74,#20,Orlando Magic,G,05/29/1998,6-3 / 1.91,195 lbs. / 88.5 kg.,$9745200,USA,2017,1,1,Washington,13
Harry Giles,74,#20,Sacramento Kings,F-C,04/22/1998,6-11 / 2.11,232 lbs. / 105.2 kg.,$2578800,USA,2017,1,20,Duke,13
Moe Harkless,74,#0,New York Knicks,F,05/11/1993,6-7 / 2.01,208 lbs. / 94.3 kg.,$11011234,USA,2012,1,15,St. John's,8
Justin Jackson,74,#44,Dallas Mavericks,F-G,03/28/1995,6-7 / 2.01,201 lbs. / 91.2 kg.,$3280920,USA,2017,1,15,North Carolina,10
Tyler Johnson,74,#0,Brooklyn Nets,G,05/07/1992,6-3 / 1.91,186 lbs. / 84.4 kg.,$19428485,USA,2014,Undrafted,Undrafted,Fresno State,7
Derrick Jones,74,#5,Miami Heat,F,02/15/1997,6-6 / 1.98,195 lbs. / 88.5 kg.,$1645357,USA,2016,Undrafted,Undrafted,UNLV,12
Cory Joseph,74,#9,Sacramento Kings,G,08/20/1991,6-3 / 1.91,185 lbs. / 83.9 kg.,$12000000,Canada,2011,1,29,Texas,6
Maxi Kleber,74,#42,Dallas Mavericks,F-C,01/29/1992,6-10 / 2.08,211 lbs. / 95.7 kg.,$8000000,Germany,2014,Undrafted,Undrafted,No college,7
TJ Leaf,74,#22,Indiana Pacers,F-C,04/30/1997,6-10 / 2.08,222 lbs. / 100.7 kg.,$2813280,Israel,2017,1,18,UCLA,12
Doug McDermott,74,#20,Indiana Pacers,F,01/03/1992,6-7 / 2.01,218 lbs. / 98.9 kg.,$7333333,USA,2014,1,11,Creighton,7
E'Twaun Moore,74,#55,New Orleans Pelicans,G,02/25/1989,6-3 / 1.91,191 lbs. / 86.6 kg.,$8664928,USA,2011,2,55,Purdue,4
Joakim Noah,74,#0,Los Angeles Clippers,C,02/25/1985,6-11 / 2.11,227 lbs. / 103 kg.,$6813026,USA,2007,1,9,Florida,Old
Kyle O'Quinn,74,#9,Philadelphia 76ers,F-C,03/26/1990,6-9 / 2.06,240 lbs. / 108.9 kg.,$2174318,USA,2012,2,49,Norfolk State,5
Chandler Parsons,74,#0,Free agent,F,10/25/1988,6-9 / 2.06,200 lbs. / 90.7 kg.,$25102512,USA,2011,2,38,Florida,3
Norman Powell,74,#24,Toronto Raptors,G,05/25/1993,6-3 / 1.91,215 lbs. / 97.5 kg.,$10116576,USA,2015,2,46,UCLA,8
Ivan Rabb,74,#0,Free agent,F-C,02/04/1997,6-10 / 2.08,220 lbs. / 99.8 kg.,$451326,USA,2017,2,35,California,12
Glenn Robinson III,74,#22,Golden State Warriors,F,01/08/1994,6-6 / 1.98,211 lbs. / 95.7 kg.,$1882867,USA,2014,2,40,Michigan,9
Denzel Valentine,74,#45,Chicago Bulls,G,11/16/1993,6-4 / 1.93,210 lbs. / 95.3 kg.,$3377568,USA,2016,1,14,Michigan State,8
Robert Williams,74,#44,Boston Celtics,F-C,10/17/1997,6-8 / 2.03,237 lbs. / 107.5 kg.,$1937520,USA,2018,1,27,Texas A&M,12
Christian Wood,74,#35,Detroit Pistons,F,09/27/1995,6-10 / 2.08,216 lbs. / 98 kg.,$1645357,USA,2015,Undrafted,Undrafted,UNLV,10
Jaxson Hayes,74,#10,New Orleans Pelicans,F-C,05/23/2000,6-11 / 2.11,220 lbs. / 99.8 kg.,$4862040,USA,2019,1,8,Texas,15
Rui Hachimura,74,#8,Washington Wizards,F,02/08/1998,6-8 / 2.03,225 lbs. / 102.1 kg.,$4469160,Japan,2019,1,9,Gonzaga,13
OG Anunoby,73,#3,Toronto Raptors,F-G,07/17/1997,6-7 / 2.01,232 lbs. / 105.2 kg.,$2281800,United Kingdom,2017,1,23,Indiana,12
Dwayne Bacon,73,#7,Charlotte Hornets,G,08/30/1995,6-6 / 1.98,220 lbs. / 99.8 kg.,$1618520,USA,2017,2,40,Florida State,10
DeAndre Bembry,73,#95,Atlanta Hawks,F,07/04/1994,6-5 / 1.96,207 lbs. / 93.9 kg.,$2603981,USA,2016,1,21,Saint Joseph's,9
Jonah Bolden,73,#0,Phoenix Suns,F,01/02/1996,6-8 / 2.03,215 lbs. / 97.5 kg.,$1788296,Australia,2017,2,36,UCLA,11
Sterling Brown,73,#23,Milwaukee Bucks,G,02/10/1995,6-5 / 1.96,230 lbs. / 104.3 kg.,$1618520,USA,2017,2,46,SMU,10
Bruce Brown,73,#6,Detroit Pistons,G,08/15/1996,6-4 / 1.93,190 lbs. / 86.2 kg.,$1416852,USA,2018,2,42,Miami (Florida),11
Troy Brown,73,#6,Washington Wizards,F-G,07/28/1999,6-6 / 1.98,215 lbs. / 97.5 kg.,$3219480,USA,2018,1,15,Oregon,14
Alec Burks,73,#0,Philadelphia 76ers,G,07/20/1991,6-6 / 1.98,195 lbs. / 88.5 kg.,$2320044,USA,2011,1,12,Colorado,6
Alex Caruso,73,#4,Los Angeles Lakers,G,02/28/1994,6-5 / 1.96,186 lbs. / 84.4 kg.,$2750000,USA,2016,Undrafted,Undrafted,Texas A&M,9
Tyson Chandler,73,#19,Houston Rockets,C,10/02/1982,7-0 / 2.13,235 lbs. / 106.6 kg.,$2564753,USA,2001,1,2,No college,Old
Allen Crabbe,73,#0,Free agent,G-F,04/09/1992,6-5 / 1.96,197 lbs. / 89.4 kg.,$17818456,USA,2013,2,31,California,7
Matthew Dellavedova,73,#18,Cleveland Cavaliers,G,09/08/1990,6-3 / 1.91,190 lbs. / 86.2 kg.,$9607500,Australia,2013,Undrafted,Undrafted,Saint Mary's,5
James Ennis,73,#0,Orlando Magic,F,07/01/1990,6-6 / 1.98,201 lbs. / 91.2 kg.,$1882867,USA,2013,2,50,Long Beach State,5
Dorian Finney-Smith,73,#10,Dallas Mavericks,F,05/04/1993,6-7 / 2.01,213 lbs. / 96.6 kg.,$4000000,USA,2016,Undrafted,Undrafted,Florida,8
Shaquille Harrison,73,#3,Chicago Bulls,G,10/06/1993,6-7 / 2.01,190 lbs. / 86.2 kg.,$1620564,USA,2016,Undrafted,Undrafted,Tulsa,8
Aaron Holiday,73,#3,Indiana Pacers,G,09/30/1996,6-0 / 1.83,185 lbs. / 83.9 kg.,$2239200,USA,2018,1,23,UCLA,11
Danuel House,73,#4,Houston Rockets,F,06/07/1993,6-6 / 1.98,220 lbs. / 99.8 kg.,$3540000,USA,2016,Undrafted,Undrafted,Texas A&M,8
Stanley Johnson,73,#5,Toronto Raptors,F,05/29/1996,6-6 / 1.98,242 lbs. / 109.8 kg.,$3623000,USA,2015,1,8,Arizona,11
Tyus Jones,73,#21,Memphis Grizzlies,G,05/10/1996,6-0 / 1.83,185 lbs. / 83.9 kg.,$10116000,USA,2015,1,24,Duke,11
Furkan Korkmaz,73,#30,Philadelphia 76ers,F,06/27/1997,6-7 / 2.01,185 lbs. / 83.9 kg.,$1620564,Turkey,2016,1,26,No college,12
Ian Mahinmi,73,#28,Washington Wizards,C,11/05/1986,6-11 / 2.11,230 lbs. / 104.3 kg.,$15450051,France,2005,1,28,No college,1
CJ Miles,73,#0,Free agent,G-F,03/18/1987,6-6 / 1.98,232 lbs. / 105.2 kg.,$8730158,USA,2005,2,34,No college,2
Mike Muscala,73,#33,Oklahoma City Thunder,F-C,07/01/1991,6-10 / 2.08,230 lbs. / 104.3 kg.,$2028594,USA,2013,2,44,Bucknell,6
Frank Ntilikina,73,#11,New York Knicks,G,07/28/1998,6-4 / 1.93,190 lbs. / 86.2 kg.,$4855800,France,2017,1,8,No college,13
David Nwaba,73,#0,Houston Rockets,G,01/14/1993,6-5 / 1.96,210 lbs. / 95.3 kg.,$2581965,USA,2016,Undrafted,Undrafted,Cal Poly,8
Royce O'Neale,73,#23,Utah Jazz,F,06/05/1993,6-4 / 1.93,226 lbs. / 102.5 kg.,$1618520,USA,2015,Undrafted,Undrafted,Baylor,8
Semi Ojeleye,73,#37,Boston Celtics,F,12/05/1994,6-6 / 1.98,235 lbs. / 106.6 kg.,$1618520,USA,2017,2,37,SMU,9
Josh Okogie,73,#20,Minnesota Timberwolves,G,09/01/1998,6-4 / 1.93,213 lbs. / 96.6 kg.,$2530680,Nigeria,2018,1,20,Georgia Tech,13
Jonathon Simmons,73,#0,Free agent,G-F,09/14/1989,6-6 / 1.98,195 lbs. / 88.5 kg.,$1000000,USA,2012,Undrafted,Undrafted,Houston,4
Ishmael Smith,73,#14,Washington Wizards,G,07/05/1988,6-0 / 1.83,175 lbs. / 79.4 kg.,$6000000,USA,2010,Undrafted,Undrafted,Wake Forest,3
Tony Snell,73,#17,Detroit Pistons,F,11/10/1991,6-6 / 1.98,198 lbs. / 89.8 kg.,$11392857,USA,2013,1,20,New Mexico,6
Omari Spellman,73,#0,Minnesota Timberwolves,F,07/21/1997,6-8 / 2.03,245 lbs. / 111.1 kg.,$1897800,USA,2018,1,30,Villanova,12
Garrett Temple,73,#17,Brooklyn Nets,G-F,05/08/1986,6-5 / 1.96,195 lbs. / 88.5 kg.,$4767000,USA,2009,Undrafted,Undrafted,LSU,1
Evan Turner,73,#1,Minnesota Timberwolves,G-F,10/27/1988,6-6 / 1.98,205 lbs. / 93 kg.,$18606556,USA,2010,1,2,Ohio State,3
Lonnie Walker,73,#1,San Antonio Spurs,G,12/14/1998,6-5 / 1.96,204 lbs. / 92.5 kg.,$2764200,USA,2018,1,18,Miami (Florida),13
Brad Wanamaker,73,#9,Boston Celtics,G,07/25/1989,6-3 / 1.91,210 lbs. / 95.3 kg.,$1445697,USA,2011,Undrafted,Undrafted,Pittsburgh,4
Ante Zizic,73,#41,Cleveland Cavaliers,C,01/04/1997,6-10 / 2.08,250 lbs. / 113.4 kg.,$2281800,Croatia,2016,1,23,No college,12
Tyler Herro,73,#14,Miami Heat,G,01/20/2000,6-5 / 1.96,195 lbs. / 88.5 kg.,$3640200,USA,2019,1,13,Kentucky,15
Vincent Poirier,73,#77,Boston Celtics,C,10/17/1993,7-0 / 2.13,235 lbs. / 106.6 kg.,$2505793,France,2015,Undrafted,Undrafted,No college,8
Sekou Doumbouya,73,#45,Detroit Pistons,F,12/23/2000,6-8 / 2.03,209 lbs. / 94.8 kg.,$3285120,France,2019,1,15,No college,15
Brandon Clarke,73,#15,Memphis Grizzlies,F,09/19/1996,6-8 / 2.03,215 lbs. / 97.5 kg.,$2478840,Canada,2019,1,21,Gonzaga,11
Nicolo Melli,73,#20,New Orleans Pelicans,F,01/26/1991,6-9 / 2.06,236 lbs. / 107 kg.,$4102564,Italy,2013,Undrafted,Undrafted,No college,6
Nassir Little,73,#9,Portland Trail Blazers,F,02/11/2000,6-5 / 1.96,220 lbs. / 99.8 kg.,$2105520,USA,2019,1,25,North Carolina,15
Grayson Allen,72,#3,Memphis Grizzlies,G,10/08/1995,6-4 / 1.93,205 lbs. / 93 kg.,$2429400,USA,2018,1,21,Duke,10
Antonio Blakeney,72,#0,Free agent,G-F,10/04/1996,6-4 / 1.93,197 lbs. / 89.4 kg.,$1488231,USA,2017,Undrafted,Undrafted,LSU,11
Michael Carter-Williams,72,#7,Orlando Magic,G,10/10/1991,6-5 / 1.96,184 lbs. / 83.5 kg.,$2028594,USA,2013,1,11,Syracuse,6
Troy Daniels,72,#30,Denver Nuggets,G,07/15/1991,6-4 / 1.93,200 lbs. / 90.7 kg.,$2487033,USA,2013,Undrafted,Undrafted,VCU,6
Donte DiVincenzo,72,#0,Milwaukee Bucks,G,01/31/1997,6-4 / 1.93,205 lbs. / 93 kg.,$2905800,USA,2018,1,17,Villanova,12
Jared Dudley,72,#10,Los Angeles Lakers,F,07/10/1985,6-6 / 1.98,225 lbs. / 102.1 kg.,$2564753,USA,2007,1,22,Boston College,Old
Cristiano Felicio,72,#6,Chicago Bulls,F,07/07/1992,6-10 / 2.08,270 lbs. / 122.5 kg.,$8156500,Brazil,2014,Undrafted,Undrafted,No college,7
Tim Frazier,72,#0,Free agent,G,11/01/1990,6-0 / 1.83,170 lbs. / 77.1 kg.,$1620564,USA,2014,Undrafted,Undrafted,Penn State,5
Langston Galloway,72,#9,Detroit Pistons,G,12/09/1991,6-1 / 1.85,202 lbs. / 91.6 kg.,$7333333,USA,2014,Undrafted,Undrafted,Saint Joseph's,6
Justin Holiday,72,#8,Indiana Pacers,G,04/05/1989,6-6 / 1.98,180 lbs. / 81.6 kg.,$4767000,USA,2011,Undrafted,Undrafted,Washington,4
Chandler Hutchison,72,#15,Chicago Bulls,F,04/26/1996,6-7 / 2.01,196 lbs. / 88.9 kg.,$2332320,USA,2018,1,22,Boise State,11
Wesley Iwundu,72,#25,Orlando Magic,F,12/20/1994,6-6 / 1.98,205 lbs. / 93 kg.,$1618520,USA,2017,2,33,Kansas State,9
Brandon Knight,72,#0,Detroit Pistons,G,12/02/1991,6-2 / 1.88,189 lbs. / 85.7 kg.,$15643750,USA,2011,1,8,Kentucky,6
Courtney Lee,72,#1,Dallas Mavericks,G-F,10/03/1985,6-5 / 1.96,200 lbs. / 90.7 kg.,$12759670,USA,2008,1,22,Western Kentucky,Old
Thon Maker,72,#7,Detroit Pistons,F-C,02/25/1997,7-0 / 2.13,216 lbs. / 98 kg.,$3569643,Australia,2016,1,10,No college,12
Patrick McCaw,72,#22,Toronto Raptors,G,10/25/1995,6-7 / 2.01,181 lbs. / 82.1 kg.,$4000000,USA,2016,2,38,UNLV,10
Rodney McGruder,72,#19,Los Angeles Clippers,G,07/29/1991,6-4 / 1.93,205 lbs. / 93 kg.,$4807693,USA,2013,Undrafted,Undrafted,Kansas State,6
Darius Miller,72,#21,New Orleans Pelicans,F,03/21/1990,6-6 / 1.98,225 lbs. / 102.1 kg.,$7250000,USA,2012,2,46,Kentucky,5
Raul Neto,72,#19,Philadelphia 76ers,G,05/19/1992,6-1 / 1.85,170 lbs. / 77.1 kg.,$1737145,Brazil,2013,2,47,No college,7
Georges Niang,72,#31,Utah Jazz,F,06/17/1993,6-7 / 2.01,230 lbs. / 104.3 kg.,$1645357,USA,2016,2,50,Iowa State,8
Cameron Payne,72,#0,Phoenix Suns,G,08/08/1994,6-2 / 1.88,180 lbs. / 81.6 kg.,$346288,USA,2015,1,14,Murray State,9
Anfernee Simons,72,#1,Portland Trail Blazers,G,06/08/1999,6-3 / 1.91,181 lbs. / 82.1 kg.,$2149560,USA,2018,1,24,No college,14
Zhaire Smith,72,#8,Philadelphia 76ers,G-F,06/04/1999,6-3 / 1.91,205 lbs. / 93 kg.,$3058800,USA,2018,1,16,Texas Tech,14
Anthony Tolliver,72,#0,Memphis Grizzlies,F,06/01/1985,6-8 / 2.03,240 lbs. / 108.9 kg.,$2854556,USA,2007,Undrafted,Undrafted,Creighton,Old
DJ Wilson,72,#5,Milwaukee Bucks,F,02/19/1996,6-10 / 2.08,234 lbs. / 106.1 kg.,$2961120,USA,2017,1,17,Michigan,11
Alfonzo McKinnie,72,#0,Cleveland Cavaliers,F,09/17/1992,6-8 / 2.03,215 lbs. / 97.5 kg.,$2391985,USA,2015,Undrafted,Undrafted,Green Bay,7
Romeo Langford,72,#45,Boston Celtics,G,10/25/1999,6-4 / 1.93,216 lbs. / 98 kg.,$3458400,USA,2019,1,14,Indiana,14
Grant Williams,72,#12,Boston Celtics,F,11/30/1998,6-6 / 1.98,236 lbs. / 107 kg.,$2379840,USA,2019,1,22,Tennessee,13
Nicolas Claxton,72,#0,Brooklyn Nets,C,04/17/1990,6-11 / 2.11,215 lbs. / 97.5 kg.,$898310,USA,2019,2,31,Georgia,5
PJ Washington,72,#25,Charlotte Hornets,F,08/23/1998,6-7 / 2.01,225 lbs. / 102.1 kg.,$3831840,USA,2019,1,12,Kentucky,13
Ryan Arcidiacono,72,#51,Chicago Bulls,G,03/26/1994,6-3 / 1.91,195 lbs. / 88.5 kg.,$3000000,Italy,2016,Undrafted,Undrafted,Villanova,9
Kevin Porter,72,#4,Cleveland Cavaliers,G-F,05/04/2000,6-4 / 1.93,218 lbs. / 98.9 kg.,$1290960,USA,2019,1,30,USC,15
Ryan Broekhoff,72,#0,Philadelphia 76ers,F,08/23/1990,6-6 / 1.98,215 lbs. / 97.5 kg.,$2833704,Australia,2013,Undrafted,Undrafted,Valparaiso,5
Goga Bitadze,72,#88,Indiana Pacers,C,07/20/1999,6-11 / 2.11,250 lbs. / 113.4 kg.,$2816760,Georgia,2019,1,18,No college,14
De'Anthony Melton,72,#0,Memphis Grizzlies,G,05/28/1998,6-2 / 1.88,190 lbs. / 86.2 kg.,$1416852,USA,2018,2,46,USC,13
Kenrich Williams,72,#34,New Orleans Pelicans,G-F,12/02/1994,6-6 / 1.98,210 lbs. / 95.3 kg.,$1416852,USA,2018,Undrafted,Undrafted,TCU,9
Nickeil Alexander-Walker,72,#0,New Orleans Pelicans,G,09/02/1998,6-5 / 1.96,205 lbs. / 93 kg.,$2964840,Canada,2019,1,17,Virginia Tech,13
Chuma Okeke,72,#3,Free agent,F-C,08/18/1998,6-8 / 2.03,230 lbs. / 104 kg.,$2773550,USA,2019,1,16,Auburn,13
Matisse Thybulle,72,#22,Philadelphia 76ers,G-F,03/04/1997,6-5 / 1.96,201 lbs. / 91.2 kg.,$2582160,USA,2019,1,20,Washington,12
Cameron Johnson,72,#23,Phoenix Suns,F,03/03/1996,6-8 / 2.03,210 lbs. / 95.3 kg.,$4033440,USA,2019,1,11,North Carolina,11
Ty Jerome,72,#10,Phoenix Suns,G,07/08/1997,6-5 / 1.96,195 lbs. / 88.5 kg.,$2193480,USA,2019,1,24,Virginia,12
Luka Samanic,72,#19,San Antonio Spurs,F,01/09/2000,6-10 / 2.08,209 lbs. / 94.8 kg.,$2689920,Croatia,2019,1,19,No college,15
Keldon Johnson,72,#3,San Antonio Spurs,F,10/11/1999,6-5 / 1.96,211 lbs. / 95.7 kg.,$1950600,USA,2019,1,29,Kentucky,14
Matt Thomas,72,#21,Toronto Raptors,G,08/04/1994,6-4 / 1.93,197 lbs. / 89.4 kg.,$898310,USA,2017,Undrafted,Undrafted,Iowa State,9
Chris Boucher,71,#25,Toronto Raptors,F-C,01/11/1993,6-9 / 2.06,200 lbs. / 90.7 kg.,$1588231,Canada,2017,Undrafted,Undrafted,Oregon,8
Jevon Carter,71,#4,Phoenix Suns,G,09/14/1995,6-1 / 1.85,200 lbs. / 90.7 kg.,$1416852,USA,2018,2,32,West Virginia,10
Deyonta Davis,71,#0,Free agent,F-C,12/02/1996,6-10 / 2.08,240 lbs. / 108.9 kg.,$250000,USA,2016,2,31,Michigan State,11
Jacob Evans,71,#0,Minnesota Timberwolves,G,06/18/1997,6-4 / 1.93,210 lbs. / 95.3 kg.,$1925880,USA,2018,1,28,Cincinnati,12
Terrance Ferguson,71,#23,Oklahoma City Thunder,G,05/17/1998,6-6 / 1.98,184 lbs. / 83.5 kg.,$2475840,USA,2017,1,21,No college,13
Daniel Gafford,71,#12,Chicago Bulls,F,10/01/1998,6-10 / 2.08,234 lbs. / 106.1 kg.,$898310,USA,2019,2,38,Arkansas,13
Treveon Graham,71,#12,Atlanta Hawks,G,10/28/1993,6-5 / 1.96,219 lbs. / 99.3 kg.,$1645357,USA,2015,Undrafted,Undrafted,VCU,8
Frank Jackson,71,#15,New Orleans Pelicans,G,05/04/1998,6-3 / 1.91,205 lbs. / 93 kg.,$1618520,USA,2017,2,31,Duke,13
Luke Kornet,71,#2,Chicago Bulls,C,07/15/1995,7-2 / 2.18,240 lbs. / 108.9 kg.,$2250000,USA,2017,Undrafted,Undrafted,Vanderbilt,10
Frank Mason,71,#15,Milwaukee Bucks,G,04/13/1994,5-11 / 1.80,190 lbs. / 86.2 kg.,$79568,USA,2017,2,34,Kansas,9
Ben McLemore,71,#16,Houston Rockets,G,02/11/1993,6-3 / 1.91,189 lbs. / 85.7 kg.,$2028594,USA,2013,1,7,Kansas,8
Dzanan Musa,71,#13,Brooklyn Nets,F,05/08/1999,6-9 / 2.06,195 lbs. / 88.5 kg.,$1911600,Bosnia and Herzegovina,2018,1,29,No college,14
Elie Okobo,71,#2,Phoenix Suns,G,10/23/1997,6-3 / 1.91,190 lbs. / 86.2 kg.,$1416852,France,2018,2,31,No college,12
Jerome Robinson,71,#1,Washington Wizards,G,02/22/1997,6-4 / 1.93,190 lbs. / 86.2 kg.,$3567720,USA,2018,1,13,Boston College,12
JaKarr Sampson,71,#14,Indiana Pacers,F,03/20/1993,6-7 / 2.01,223 lbs. / 101.2 kg.,$1737145,USA,2014,Undrafted,Undrafted,St. John's,8
Edmond Sumner,71,#5,Indiana Pacers,G,12/13/1995,6-4 / 1.93,186 lbs. / 84.4 kg.,$2000000,USA,2017,2,52,Xavier,10
Gary Trent Jr,71,#2,Portland Trail Blazers,G,01/18/1999,6-5 / 1.96,209 lbs. / 94.8 kg.,$1416852,USA,2018,2,37,Duke,14
Moritz Wagner,71,#21,Washington Wizards,F,04/26/1997,6-11 / 2.11,240 lbs. / 108.9 kg.,$2063520,Germany,2018,1,25,Michigan,12
Admiral Schofield,71,#1,Washington Wizards,F,03/30/1997,6-5 / 1.96,241 lbs. / 109.3 kg.,$1000000,USA,2019,2,42,Tennessee,12
Bruno Fernando,71,#24,Atlanta Hawks,F,08/15/1998,6-9 / 2.06,245 lbs. / 111.1 kg.,$1400000,Angola,2019,2,34,Maryland,13
Alen Smailagic,71,#6,Golden State Warriors,F,08/18/2000,6-10 / 2.08,215 lbs. / 97.5 kg.,$898310,Serbia,2019,2,39,No college,15
Eric Paschall,71,#7,Golden State Warriors,F,11/04/1996,6-6 / 1.98,255 lbs. / 115.7 kg.,$898310,USA,2019,2,41,Villanova,11
Carsen Edwards,71,#4,Boston Celtics,G,03/12/1998,5-11 / 1.80,200 lbs. / 90.7 kg.,$1228026,USA,2019,2,33,Purdue,13
KZ Okpala,71,#4,Miami Heat,F,04/28/1999,6-8 / 2.03,215 lbs. / 97.5 kg.,$898310,USA,2019,2,32,Stanford,14
Shake Milton,71,#18,Philadelphia 76ers,C,09/26/1996,6-5 / 1.96,205 lbs. / 93 kg.,$1445697,USA,2018,2,54,SMU,11
Chimezie Metu,71,#7,San Antonio Spurs,F,03/22/1997,6-9 / 2.06,225 lbs. / 102.1 kg.,$1416852,Nigeria,2018,2,49,USC,12
Keita Bates-Diop,70,#0,Denver Nuggets,F,01/23/1996,6-8 / 2.03,235 lbs. / 106.6 kg.,$1416852,USA,2018,2,48,Ohio State,11
Darius Bazley,70,#7,Oklahoma City Thunder,F,06/12/2000,6-8 / 2.03,200 lbs. / 90.7 kg.,$2284800,USA,2019,1,23,No college,15
Tony Bradley,70,#13,Utah Jazz,F-C,01/08/1998,6-10 / 2.08,248 lbs. / 112.5 kg.,$1962360,USA,2017,1,28,North Carolina,13
Hamidou Diallo,70,#6,Oklahoma City Thunder,G,07/31/1998,6-5 / 1.96,198 lbs. / 89.8 kg.,$1416852,USA,2018,2,45,Kentucky,13
Melvin Frazier,70,#35,Orlando Magic,F,08/30/1996,6-5 / 1.96,201 lbs. / 91.2 kg.,$1416852,USA,2018,2,35,Tulane,11
Solomon Hill,70,#44,Miami Heat,F,03/18/1991,6-6 / 1.98,226 lbs. / 102.5 kg.,$13290395,USA,2013,1,23,Arizona,6
Alize Johnson,70,#24,Indiana Pacers,F,04/26/1996,6-7 / 2.01,201 lbs. / 91.2 kg.,$1416852,USA,2018,2,50,Missouri State,11
Skal Labissiere,70,#0,Atlanta Hawks,C-F,03/18/1996,6-10 / 2.08,216 lbs. / 98 kg.,$2338846,Haiti,2016,1,28,Kentucky,11
Tyler Lydon,70,#0,Free agent,F-C,04/09/1996,6-9 / 2.06,220 lbs. / 99.8 kg.,$50000,USA,2017,1,24,Syracuse,11
Sviatoslav Mykhailiuk,70,#19,Detroit Pistons,G,06/10/1997,6-7 / 2.01,205 lbs. / 93 kg.,$1416852,Ukraine,2018,2,47,Kansas,12
Johnathan Motley,70,#15,Los Angeles Clippers,F,05/04/1995,6-8 / 2.03,230 lbs. / 104.3 kg.,$79568,USA,2017,Undrafted,Undrafted,Baylor,10
Abdel Nader,70,#11,Oklahoma City Thunder,F,09/25/1993,6-5 / 1.96,225 lbs. / 102.1 kg.,$1618520,Egypt,2016,2,58,Iowa State,8
Miles Plumlee,70,#0,Free agent,F-C,09/01/1988,6-11 / 2.11,255 lbs. / 115.7 kg.,$12500000,USA,2012,1,26,Duke,3
Caleb Swanigan,70,#50,Portland Trail Blazers,C,04/18/1997,6-9 / 2.06,249 lbs. / 112.9 kg.,$2033160,USA,2017,1,26,Purdue,12
Jarred Vanderbilt,70,#0,Minnesota Timberwolves,F,04/03/1999,6-9 / 2.06,214 lbs. / 97.1 kg.,$1416852,USA,2018,2,41,Kentucky,14
Jemerrio Jones,70,#0,Free agent,F,04/09/1995,6-5 / 1.96,201 lbs. / 91.2 kg.,$195077,USA,2018,Undrafted,Undrafted,New Mexico State,10
Jordan Poole,70,#3,Golden State Warriors,G,06/19/1999,6-4 / 1.93,194 lbs. / 88 kg.,$1964760,USA,2019,1,28,Michigan,14
Talen Horton-Tucker,70,#5,Los Angeles Lakers,G,11/20/2000,6-4 / 1.93,234 lbs. / 106.1 kg.,$898310,USA,2019,2,46,Iowa State,15
Yante Maten,70,#0,Free agent,F-C,08/14/1996,6-8 / 2.03,240 lbs. / 108.9 kg.,$100000,USA,2018,Undrafted,Undrafted,Georgia,11
Thanasis Antetokounmpo,70,#43,Milwaukee Bucks,F,07/18/1992,6-6 / 1.98,215 lbs. / 97.5 kg.,$1445697,Greece,2014,2,51,No college,7
Naz Reid,70,#11,Minnesota Timberwolves,C,08/26/1999,6-9 / 2.06,249 lbs. / 112.9 kg.,$898310,USA,2019,Undrafted,Undrafted,LSU,14
Ignas Brazdeikis,70,#17,New York Knicks,F,01/08/1999,6-6 / 1.98,216 lbs. / 98 kg.,$898310,Canada,2019,2,47,Michigan,14
Deonte Burton,70,#30,Oklahoma City Thunder,G,06/26/1991,6-4 / 1.93,240 lbs. / 108.9 kg.,$1416852,USA,2014,Undrafted,Undrafted,Iowa State,6
Justin James,70,#10,Sacramento Kings,G,01/24/1997,6-7 / 2.01,190 lbs. / 86.2 kg.,$898310,USA,2019,2,40,Wyoming,12
Henry Ellenson,69,#0,Free agent,F-C,01/13/1997,6-10 / 2.08,242 lbs. / 109.8 kg.,$79568,USA,2016,1,18,Marquette,12
Devonte Graham,69,#0,Charlotte Hornets,G,02/22/1995,6-1 / 1.85,185 lbs. / 83.9 kg.,$1416852,USA,2018,2,34,Kansas,10
Amile Jefferson,69,#0,Free agent,F-C,05/07/1993,6-9 / 2.06,224 lbs. / 101.6 kg.,$1529007,USA,2017,Undrafted,Undrafted,Duke,8
Khyri Thomas,69,#13,Detroit Pistons,G,05/08/1996,6-3 / 1.91,210 lbs. / 95.3 kg.,$1416852,USA,2018,2,38,Creighton,11
Theo Pinson,69,#0,New York Knicks,G,11/05/1995,6-5 / 1.96,220 lbs. / 99.8 kg.,$1445697,USA,2018,Undrafted,Undrafted,North Carolina,10
Gary Clark,69,#0,Orlando Magic,F,11/16/1994,6-6 / 1.98,225 lbs. / 102.1 kg.,$1427191,USA,2018,Undrafted,Undrafted,Cincinnati,9
Terance Mann,69,#14,Los Angeles Clippers,G,10/18/1996,6-5 / 1.96,215 lbs. / 97.5 kg.,$1000000,USA,2019,2,48,Florida State,11
Cam Reynolds,69,#13,Milwaukee Bucks,G,02/07/1995,6-7 / 2.01,225 lbs. / 102.1 kg.,$79568,USA,2018,Undrafted,Undrafted,Tulane,10
Tyrone Wallace,69,#0,Free agent,G-F,06/10/1994,6-5 / 1.96,200 lbs. / 90.7 kg.,$502491,USA,2016,2,60,California,9
Miye Oni,69,#24,Utah Jazz,F,08/04/1997,6-5 / 1.96,210 lbs. / 95.3 kg.,$898310,USA,2019,2,58,Yale,12
Malcolm Miller,69,#13,Toronto Raptors,F,03/06/1993,6-7 / 2.01,205 lbs. / 93 kg.,$1588231,USA,2015,Undrafted,Undrafted,Holy Cross,8
Isaac Bonga,68,#17,Washington Wizards,G,11/08/1999,6-8 / 2.03,200 lbs. / 90.7 kg.,$1416852,Germany,2018,2,39,No college,14
Isaiah Hartenstein,68,#0,Free agent,F-C,05/05/1998,7-0 / 2.13,250 lbs. / 113.4 kg.,$1416852,Germany,2017,2,43,No college,13
Jordan McRae,68,#0,Detroit Pistons,G,03/28/1991,6-5 / 1.96,179 lbs. / 81.2 kg.,$1254933,USA,2014,2,58,Tennessee,6
Brandon Goodwin,68,#0,Atlanta Hawks,G,10/02/1995,6-0 / 1.83,180 lbs. / 81.6 kg.,$522738,USA,2018,Undrafted,Undrafted,Florida Gulf Coast,10
Michael Frazier,68,#21,Houston Rockets,G,03/08/1994,6-3 / 1.91,200 lbs. / 90.7 kg.,$79568,USA,2015,2,60,Florida,9
Kostas Antetokounmpo,68,#37,Los Angeles Lakers,F,11/20/1997,6-10 / 2.08,200 lbs. / 90.7 kg.,$79568,Greece,2018,Undrafted,Undrafted,Dayton,12
Jalen Lecque,68,#0,Phoenix Suns,G,06/13/2000,6-3 / 1.91,190 lbs. / 86.2 kg.,$898310,USA,2019,Undrafted,Undrafted,No college,15
Duncan Robinson,67,#55,Miami Heat,F,04/22/1994,6-7 / 2.01,215 lbs. / 97.5 kg.,$1416852,USA,2018,Undrafted,Undrafted,Michigan,9
